{
  "hash": "302ab81f",
  "configHash": "f3443bf3",
  "lockfileHash": "f2d34735",
  "browserHash": "92558fd6",
  "optimized": {
    "@angular/common/http": {
      "src": "../../../../../node_modules/@angular/common/fesm2022/http.mjs",
      "file": "@angular_common_http.js",
      "fileHash": "04801481",
      "needsInterop": false
    },
    "@angular/core": {
      "src": "../../../../../node_modules/@angular/core/fesm2022/core.mjs",
      "file": "@angular_core.js",
      "fileHash": "6d689da9",
      "needsInterop": false
    },
    "@angular/forms": {
      "src": "../../../../../node_modules/@angular/forms/fesm2022/forms.mjs",
      "file": "@angular_forms.js",
      "fileHash": "dd21c140",
      "needsInterop": false
    },
    "@angular/platform-browser": {
      "src": "../../../../../node_modules/@angular/platform-browser/fesm2022/platform-browser.mjs",
      "file": "@angular_platform-browser.js",
      "fileHash": "82186710",
      "needsInterop": false
    },
    "@angular/platform-browser/animations": {
      "src": "../../../../../node_modules/@angular/platform-browser/fesm2022/animations.mjs",
      "file": "@angular_platform-browser_animations.js",
      "fileHash": "b2b2c317",
      "needsInterop": false
    },
    "@angular/router": {
      "src": "../../../../../node_modules/@angular/router/fesm2022/router.mjs",
      "file": "@angular_router.js",
      "fileHash": "290e5ed9",
      "needsInterop": false
    }
  },
  "chunks": {
    "chunk-DURIL3YV": {
      "file": "chunk-DURIL3YV.js"
    },
    "chunk-AO73CYDJ": {
      "file": "chunk-AO73CYDJ.js"
    },
    "chunk-QGHJ5RSR": {
      "file": "chunk-QGHJ5RSR.js"
    },
    "chunk-2EJVOLRN": {
      "file": "chunk-2EJVOLRN.js"
    }
  }
}