{
  "hash": "23502994",
  "configHash": "828dbd27",
  "lockfileHash": "f2d34735",
  "browserHash": "626ba184",
  "optimized": {
    "@angular/common": {
      "src": "../../../../../node_modules/@angular/common/fesm2022/common.mjs",
      "file": "@angular_common.js",
      "fileHash": "92c2d510",
      "needsInterop": false
    },
    "@angular/common/http": {
      "src": "../../../../../node_modules/@angular/common/fesm2022/http.mjs",
      "file": "@angular_common_http.js",
      "fileHash": "9457dd57",
      "needsInterop": false
    },
    "@angular/core": {
      "src": "../../../../../node_modules/@angular/core/fesm2022/core.mjs",
      "file": "@angular_core.js",
      "fileHash": "9e3be075",
      "needsInterop": false
    },
    "@angular/forms": {
      "src": "../../../../../node_modules/@angular/forms/fesm2022/forms.mjs",
      "file": "@angular_forms.js",
      "fileHash": "e34de0f2",
      "needsInterop": false
    },
    "@angular/platform-browser": {
      "src": "../../../../../node_modules/@angular/platform-browser/fesm2022/platform-browser.mjs",
      "file": "@angular_platform-browser.js",
      "fileHash": "42872611",
      "needsInterop": false
    },
    "@angular/platform-browser/animations": {
      "src": "../../../../../node_modules/@angular/platform-browser/fesm2022/animations.mjs",
      "file": "@angular_platform-browser_animations.js",
      "fileHash": "3c462eab",
      "needsInterop": false
    },
    "@angular/router": {
      "src": "../../../../../node_modules/@angular/router/fesm2022/router.mjs",
      "file": "@angular_router.js",
      "fileHash": "0f735ae7",
      "needsInterop": false
    }
  },
  "chunks": {
    "chunk-XD7D4YQE": {
      "file": "chunk-XD7D4YQE.js"
    },
    "chunk-Q5H67X4K": {
      "file": "chunk-Q5H67X4K.js"
    },
    "chunk-5FZVHH2E": {
      "file": "chunk-5FZVHH2E.js"
    },
    "chunk-MYBJ2SOS": {
      "file": "chunk-MYBJ2SOS.js"
    }
  }
}