{
  "hash": "559ec395",
  "configHash": "954264a3",
  "lockfileHash": "f2d34735",
  "browserHash": "6939523b",
  "optimized": {
    "@angular/common": {
      "src": "../../../../../node_modules/@angular/common/fesm2022/common.mjs",
      "file": "@angular_common.js",
      "fileHash": "085a7135",
      "needsInterop": false
    },
    "@angular/common/http": {
      "src": "../../../../../node_modules/@angular/common/fesm2022/http.mjs",
      "file": "@angular_common_http.js",
      "fileHash": "3fa22c10",
      "needsInterop": false
    },
    "@angular/core": {
      "src": "../../../../../node_modules/@angular/core/fesm2022/core.mjs",
      "file": "@angular_core.js",
      "fileHash": "96263243",
      "needsInterop": false
    },
    "@angular/forms": {
      "src": "../../../../../node_modules/@angular/forms/fesm2022/forms.mjs",
      "file": "@angular_forms.js",
      "fileHash": "36e75230",
      "needsInterop": false
    },
    "@angular/platform-browser": {
      "src": "../../../../../node_modules/@angular/platform-browser/fesm2022/platform-browser.mjs",
      "file": "@angular_platform-browser.js",
      "fileHash": "16776c98",
      "needsInterop": false
    },
    "@angular/platform-browser/animations": {
      "src": "../../../../../node_modules/@angular/platform-browser/fesm2022/animations.mjs",
      "file": "@angular_platform-browser_animations.js",
      "fileHash": "739ac66b",
      "needsInterop": false
    },
    "@angular/platform-server": {
      "src": "../../../../../node_modules/@angular/platform-server/fesm2022/platform-server.mjs",
      "file": "@angular_platform-server.js",
      "fileHash": "acbd8df4",
      "needsInterop": false
    },
    "@angular/router": {
      "src": "../../../../../node_modules/@angular/router/fesm2022/router.mjs",
      "file": "@angular_router.js",
      "fileHash": "fde3d122",
      "needsInterop": false
    }
  },
  "chunks": {
    "xhr2-V2GDQ3PS": {
      "file": "xhr2-V2GDQ3PS.js"
    },
    "chunk-VILWMGCK": {
      "file": "chunk-VILWMGCK.js"
    },
    "chunk-6HXHGW3G": {
      "file": "chunk-6HXHGW3G.js"
    },
    "chunk-GKCZ4D67": {
      "file": "chunk-GKCZ4D67.js"
    },
    "chunk-76RCBA3B": {
      "file": "chunk-76RCBA3B.js"
    },
    "chunk-X6UFMS2E": {
      "file": "chunk-X6UFMS2E.js"
    },
    "chunk-NQ4HTGF6": {
      "file": "chunk-NQ4HTGF6.js"
    }
  }
}