{
  "hash": "c7abfe27",
  "configHash": "545c5e23",
  "lockfileHash": "f2d34735",
  "browserHash": "0bfe280b",
  "optimized": {
    "@angular/common/http": {
      "src": "../../../../../node_modules/@angular/common/fesm2022/http.mjs",
      "file": "@angular_common_http.js",
      "fileHash": "4180abc1",
      "needsInterop": false
    },
    "@angular/core": {
      "src": "../../../../../node_modules/@angular/core/fesm2022/core.mjs",
      "file": "@angular_core.js",
      "fileHash": "bbdbe796",
      "needsInterop": false
    },
    "@angular/forms": {
      "src": "../../../../../node_modules/@angular/forms/fesm2022/forms.mjs",
      "file": "@angular_forms.js",
      "fileHash": "af56f550",
      "needsInterop": false
    },
    "@angular/platform-browser": {
      "src": "../../../../../node_modules/@angular/platform-browser/fesm2022/platform-browser.mjs",
      "file": "@angular_platform-browser.js",
      "fileHash": "88c53efb",
      "needsInterop": false
    },
    "@angular/platform-browser/animations": {
      "src": "../../../../../node_modules/@angular/platform-browser/fesm2022/animations.mjs",
      "file": "@angular_platform-browser_animations.js",
      "fileHash": "de59aa6c",
      "needsInterop": false
    },
    "@angular/platform-server": {
      "src": "../../../../../node_modules/@angular/platform-server/fesm2022/platform-server.mjs",
      "file": "@angular_platform-server.js",
      "fileHash": "8e3bf2f9",
      "needsInterop": false
    },
    "@angular/router": {
      "src": "../../../../../node_modules/@angular/router/fesm2022/router.mjs",
      "file": "@angular_router.js",
      "fileHash": "9ddfb6dc",
      "needsInterop": false
    }
  },
  "chunks": {
    "chunk-SJZPECUI": {
      "file": "chunk-SJZPECUI.js"
    },
    "chunk-6IRDYZFI": {
      "file": "chunk-6IRDYZFI.js"
    },
    "chunk-DXFTFFBL": {
      "file": "chunk-DXFTFFBL.js"
    },
    "chunk-SQXOYVBQ": {
      "file": "chunk-SQXOYVBQ.js"
    },
    "chunk-ROOY4ZSJ": {
      "file": "chunk-ROOY4ZSJ.js"
    },
    "xhr2-EYVXYEZ3": {
      "file": "xhr2-EYVXYEZ3.js"
    },
    "chunk-NQ4HTGF6": {
      "file": "chunk-NQ4HTGF6.js"
    }
  }
}